Workbook

Sheet Dokumentkontroll
B2: LY FORSIKRING
B3: FULLMAKTSMATRISE | E3: Versjonskontroll/logg
B5: Opprettet dato | C5: 45708 | E5: Versjon | F5: Revidert av | G5: Godkjent dato | H5: Status/kommentarer/Endringer
B6: Sist revidert dato | C6: 45749 | E6: 1 | F6: =C7 | G6: 17.02.2025 | H6: Oppdatert fullmaktsmatrisen
B7: Revidert av | C7: Per Strand og Morten Dahlsbakken | E7: 2 | F7: Per Strand, Alf Kigen, Martin Larem, Henning Varner og Morten Dahlsbakken | G7: 45708 | H7: Gjennomgått og oppdatert fullmaktsmatrisen
B8: Kontaktperson | C8: Morten Dahlsbakken og Martin Larem | E8: 3.4 | F8: Morten Dahlsbakken | G8: 45749 | H8: Oppdatert fullmaktsmatrisen med Ahlsell Partner avtalen, ekstrarabatt ved redning, ekstra markedsrabatt for produktene næringsbygg, næring og tilhenger og økte verdier på maksimum-grenser for inntegning av risikoer ut i fra stilling i LY
B9: Ansvarlig | C9: Terje Aabakken | E9: 5 | F9: Morten Dahlsbakken | G9: 45749 | H9: Fullmakt forsikringssum ansvar til MNOK 50 utvidet for kanalledere
B10: Godkjent av | C10: Ledergruppe 1 | E10: 6 | F10: Morten Dahlsbakken etter vedtak i Ledergruppe 1 | G10: 45798 | H10: Fullmakt forsikringssum ansvar fra MNOK 50 til MNOK 30 for kanalledere og vedtatt analyse av behovet for utvidet markedsrabattbruk for kanalledere på næringsbygg, næring og tilhenger
E11: 7 | F11: Morten Dahlsbakken etter vedtak i Ledergruppe 1 | G11: 46050 | H11: Endringer av fullmakter etter at nye tegningsinstrukser ble vedtatt i Ledergruppe 1 18.12.2025 og 12.01.2026
B14: Følgede kategorier finnes:
B16: 1. Delegeringsrett
B17: 2. Tegningsfullmakter
B18: 3. Eksponering
B19: 4. Premie
B20: 5. Egenandel
B21: 6. Reassuranse
B22: 7. Spesialavtaler
B23: 8. Forsikringsvilkår
B24: 9. Geografisk område
B25: 10. Spesielle dekninger/risiki
B26: 11. Helseerklæring
B28: Følgende produktlinjer finnes:
B30: Eiendom | C30: Næring
B31: Motor | C31: Næring
B32: Ansvar | C32: Næring
B33: Person | C33: Næring

Sheet Rolle kort
A1: LY FORSIKRING – FULLMAKTSKORT PER ROLLE
A3: Velg rolle: | C3: Backoffice
A5: Tabellen under viser fullmaktsgrensen for VALGT ROLLE på alle produktlinjer (Eiendom, Motor, Ansvar, Formuesskade, Person). Bytt rolle i boksen over for å oppdatere kolonnen "Fullmakt for valgt rolle". Bruk nedtrekkspilene i overskriftsraden (rad 7) for å filtrere på produktlinje, kategori eller verdi.
A7: Produktlinje | B7: Kategori | C7: Fullmaktstype | D7: # | E7: Fullmakt for valgt rolle
A8: ='Data (rådata)'!A2 | B8: ='Data (rådata)'!C2 | C8: ='Data (rådata)'!D2 | D8: ='Data (rådata)'!B2 | E8: =INDEX('Data (rådata)'!$E2:$L2,1,MATCH($C$3,'Data (rådata)'!$E$1:$L$1,0))
A9: ='Data (rådata)'!A3 | B9: ='Data (rådata)'!C3 | C9: ='Data (rådata)'!D3 | D9: ='Data (rådata)'!B3 | E9: =INDEX('Data (rådata)'!$E3:$L3,1,MATCH($C$3,'Data (rådata)'!$E$1:$L$1,0))
A10: ='Data (rådata)'!A4 | B10: ='Data (rådata)'!C4 | C10: ='Data (rådata)'!D4 | D10: ='Data (rådata)'!B4 | E10: =INDEX('Data (rådata)'!$E4:$L4,1,MATCH($C$3,'Data (rådata)'!$E$1:$L$1,0))
A11: ='Data (rådata)'!A5 | B11: ='Data (rådata)'!C5 | C11: ='Data (rådata)'!D5 | D11: ='Data (rådata)'!B5 | E11: =INDEX('Data (rådata)'!$E5:$L5,1,MATCH($C$3,'Data (rådata)'!$E$1:$L$1,0))
A12: ='Data (rådata)'!A6 | B12: ='Data (rådata)'!C6 | C12: ='Data (rådata)'!D6 | D12: ='Data (rådata)'!B6 | E12: =INDEX('Data (rådata)'!$E6:$L6,1,MATCH($C$3,'Data (rådata)'!$E$1:$L$1,0))
A13: ='Data (rådata)'!A7 | B13: ='Data (rådata)'!C7 | C13: ='Data (rådata)'!D7 | D13: ='Data (rådata)'!B7 | E13: =INDEX('Data (rådata)'!$E7:$L7,1,MATCH($C$3,'Data (rådata)'!$E$1:$L$1,0))
A14: ='Data (rådata)'!A8 | B14: ='Data (rådata)'!C8 | C14: ='Data (rådata)'!D8 | D14: ='Data (rådata)'!B8 | E14: =INDEX('Data (rådata)'!$E8:$L8,1,MATCH($C$3,'Data (rådata)'!$E$1:$L$1,0))
A15: ='Data (rådata)'!A9 | B15: ='Data (rådata)'!C9 | C15: ='Data (rådata)'!D9 | D15: ='Data (rådata)'!B9 | E15: =INDEX('Data (rådata)'!$E9:$L9,1,MATCH($C$3,'Data (rådata)'!$E$1:$L$1,0))
A16: ='Data (rådata)'!A10 | B16: ='Data (rådata)'!C10 | C16: ='Data (rådata)'!D10 | D16: ='Data (rådata)'!B10 | E16: =INDEX('Data (rådata)'!$E10:$L10,1,MATCH($C$3,'Data (rådata)'!$E$1:$L$1,0))
A17: ='Data (rådata)'!A11 | B17: ='Data (rådata)'!C11 | C17: ='Data (rådata)'!D11 | D17: ='Data (rådata)'!B11 | E17: =INDEX('Data (rådata)'!$E11:$L11,1,MATCH($C$3,'Data (rådata)'!$E$1:$L$1,0))
A18: ='Data (rådata)'!A12 | B18: ='Data (rådata)'!C12 | C18: ='Data (rådata)'!D12 | D18: ='Data (rådata)'!B12 | E18: =INDEX('Data (rådata)'!$E12:$L12,1,MATCH($C$3,'Data (rådata)'!$E$1:$L$1,0))
A19: ='Data (rådata)'!A13 | B19: ='Data (rådata)'!C13 | C19: ='Data (rådata)'!D13 | D19: ='Data (rådata)'!B13 | E19: =INDEX('Data (rådata)'!$E13:$L13,1,MATCH($C$3,'Data (rådata)'!$E$1:$L$1,0))
... A230: ='Data (rådata)'!A224 | B230: ='Data (rådata)'!C224 | C230: ='Data (rådata)'!D224 | D230: ='Data (rådata)'!B224 | E230: =INDEX('Data (rådata)'!$E224:$L224,1,MATCH($C$3,'Data (rådata)'!$E$1:$L$1,0))

Sheet Eiendom
A1: LY FORSIKRING – FULLMAKTSMATRISE: EIENDOM
A2: # | B2: Kategori | C2: Fullmaktstype | D2: Backoffice | E2: Porteføljeforvalter | F2: KAM/Megler | G2: Regionsdirektør/Ass. Regionsdirektør/Porteføljedirektør | H2: Direktør Meglet | I2: Direktør Direkte/Ass. Dir. Direkte | J2: UW-gruppe | K2: Adm. dir.
A3: 1 | B3: Tegningsfullmakter | C3: Tegne prioriterte risker | D3: Ja | E3: Ja | F3: Ja | G3: Ja | H3: Ja | I3: Ja | J3: Ja | K3: Ja
A4: 1 | B4: Tegningsfullmakter | C4: Tegne uprioriterte risker iht. tegningsinstruks | D4: Nei | E4: Nei | F4: Nei | G4: Nei | H4: Nei | I4: Nei | J4: Ja | K4: Ja
A5: 1 | B5: Tegningsfullmakter | C5: Tegne ved tegningsforbud iht. tegningsintruks | D5: Nei | E5: Nei | F5: Nei | G5: Nei | H5: Nei | I5: Nei | J5: Nei | K5: Ja
A6: 1 | B6: Tegningsfullmakter | C6: Tegne utenfor selskapets risikoappetitt/reassuransekontrakt | D6: Nei | E6: Nei | F6: Nei | G6: Nei | H6: Nei | I6: Nei | J6: Nei | K6: Nei
A7: 2 | B7: Eksponering | C7: Total forsikringssum per forsikringssted på bygning, maskin/løsøre, varer og driftstap | D7: N/A | E7: 85 MNOK | F7: 85 MNOK | G7: 100 MNOK | H7: 210 MNOK | I7: 210 MNOK | J7: 410 MNOK | K7: 410 MNOK
A8: 2 | B8: Eksponering | C8: Fastsette EML 50 - 100% | D8: N/A | E8: NEI | F8: NEI | G8: NEI | H8: <85 MNOK | I8: <85 MNOK | J8: <210 MNOK | K8: N/A
A9: 2 | B9: Eksponering | C9: Adgang til å beregne EML under 50% | D9: Nei | E9: Nei | F9: Nei | G9: Nei | H9: Nei | I9: Nei | J9: Ja | K9: Ja
A10: 2 | B10: Eksponering | C10: Særskilt forsikringssum største enkeltprosjekt for entreprenør årsforsikring | D10: N/A | E10: 50 MNOK | F10: 50 MNOK | G10: 75 MNOK | H10: 85 MNOK | I10: 85 MNOK | J10: 210 MNOK | K10: 210 MNOK
A11: 2 | B11: Eksponering | C11: Særskilt forsikringssum for entreprenør enkeltprosjekt | D11: N/A | E11: 50 MNOK | F11: 50 MNOK | G11: 75 MNOK | H11: 85 MNOK | I11: 85 MNOK | J11: 210 MNOK | K11: 210 MNOK
A12: 2 | B12: Eksponering | C12: Avbrudd, maksimum beregnet forsikringinteresse > 25 MNOK | D12: N/A | E12: Nei | F12: Nei | G12: Nei | H12: Nei | I12: Nei | J12: Ja | K12: Ja
A13: 3 | B13: Premie | C13: Maks premie per kunde for Eiendom | D13: N/A | E13: 1 MNOK | F13: 1 MNOK | G13: 1.5 MNOK | H13: 5 MNOK | I13: 5 MNOK | J13: 10 MNOK | K13: 20 MNOK
A14: 3 | B14: Premie | C14: Adgang til premiefastsettelse uten tariff | D14: Nei | E14: Nei | F14: Nei | G14: Nei | H14: Nei | I14: Nei | J14: Ja | K14: Ja
... A44: 9 | B44: Spesielle dekninger/risiki | C44: Ex gratia | D44: Nei | E44: Nei | F44: Nei | G44: Nei | H44: Nei | I44: Nei | J44: Nei | K44: Ja

Sheet Motor
A1: LY FORSIKRING – FULLMAKTSMATRISE: MOTOR
A2: # | B2: Kategori | C2: Fullmaktstype | D2: Backoffice | E2: Porteføljeforvalter | F2: KAM/Megler | G2: Regionsdirektør/Ass. Regionsdirektør/Porteføljedirektør | H2: Direktør Meglet | I2: Direktør Direkte/Ass. Dir. Direkte | J2: UW-gruppe | K2: Adm. dir. | L2: Kommentar
A3: 1 | B3: Tegningsfullmakter | C3: Tegne prioriterte risker | D3: Ja | E3: Ja | F3: Ja | G3: Ja | H3: Ja | I3: Ja | J3: Ja | K3: Ja
A4: 1 | B4: Tegningsfullmakter | C4: Tegne uprioriterte risker iht. tegningsinstruks | D4: Nei | E4: Nei | F4: Nei | G4: Nei | H4: Nei | I4: Nei | J4: Ja | K4: Ja | L4: Skal vel til UW
A5: 1 | B5: Tegningsfullmakter | C5: Tegne ved tegningsforbud iht. tegningsintruks | D5: Nei | E5: Nei | F5: Nei | G5: Nei | H5: Nei | I5: Nei | J5: Nei | K5: Ja
A6: 1 | B6: Tegningsfullmakter | C6: Tegne utenfor selskapets risikoappetitt | D6: Nei | E6: Nei | F6: Nei | G6: Nei | H6: Nei | I6: Nei | J6: Nei | K6: Nei
A7: 2 | B7: Eksponering | C7: Produkt:
A8: 2 | B8: Eksponering | C8: Firmabil med verdi <1.8 MNOK / inkl. flåtebiler | D8: Ja | E8: Ja | F8: Ja | G8: Ja | H8: Ja | I8: Ja | J8: Ja | K8: Ja
A9: 2 | B9: Eksponering | C9: Camping-/Bobil | D9: Nei | E9: Nei | F9: Nei | G9: Nei | H9: Nei | I9: Nei | J9: Ja | K9: Ja
A10: 2 | B10: Eksponering | C10: Firmabil med verdi >1.8 MNOK / inkl. flåtebiler | D10: Nei | E10: Nei | F10: Nei | G10: Nei | H10: Nei | I10: Nei | J10: Ja | K10: Ja
A11: 2 | B11: Eksponering | C11: Sportsbiler med verdi > 1,0 MNOK / kun singel firmabil | D11: Nei | E11: Nei | F11: Nei | G11: Nei | H11: Nei | I11: Nei | J11: Ja | K11: Ja
A12: 2 | B12: Eksponering | C12: Storbil - Grusbil/Transport byggevarer/Egentransport (ikke betong) | D12: Nei | E12: Ja | F12: Ja | G12: Ja | H12: Ja | I12: Ja | J12: Ja | K12: Ja
A13: 2 | B13: Eksponering | C13: Storbil - annet + kranbiler + kjøl/frys + godstransport + betong m.m. | D13: Nei | E13: Nei | F13: Nei | G13: Nei | H13: Nei | I13: Nei | J13: Ja | K13: Ja
A14: 2 | B14: Eksponering | C14: Storbil med verdi <3 MNOK / tilhenger <1,5 MNOK | D14: Nei | E14: Ja | F14: Ja | G14: Ja | H14: Ja | I14: Ja | J14: Ja | K14: Ja
A15: 2 | B15: Eksponering | C15: Storbil med verdi <4 MNOK / tilhenger <2 MNOK | D15: Nei | E15: Nei | F15: Nei | G15: Ja | H15: Ja | I15: Ja | J15: Ja | K15: Ja
A16: 2 | B16: Eksponering | C16: Storbil med verdi <6 MNOK / tilhenger <4 MNOK | D16: Nei | E16: Nei | F16: Nei | G16: Nei | H16: Nei | I16: Nei | J16: Ja | K16: Ja
A17: 2 | B17: Eksponering | C17: Arbeidsmaskin med verdi <4 MNOK | D17: Nei | E17: Ja | F17: Ja | G17: Ja | H17: Ja | I17: Ja | J17: Ja | K17: Ja
A18: 2 | B18: Eksponering | C18: Arbeidsmaskin med verdi <6 MNOK | D18: Nei | E18: Nei | F18: Nei | G18: Ja | H18: Ja | I18: Ja | J18: Ja | K18: Ja
A19: 2 | B19: Eksponering | C19: Arbeidsmaskin med verdi >8 MNOK | D19: Nei | E19: Nei | F19: Nei | G19: Nei | H19: Nei | I19: Nei | J19: Ja | K19: Ja
... A22: 2 | B22: Eksponering | C22: Transport - ADR/levende dyr | D22: Nei | E22: Nei | F22: Nei | G22: Nei | H22: Nei | I22: Nei | J22: Nei | K22: Nei
A23: 2 | B23: Eksponering | C23: Eksponering:
A24: 2 | B24: Eksponering | C24: Enkelt objekter | D24: 1 MNOK | E24: <6 MNOK | F24: <6 MNOK | G24: <8 MNOK | H24: <15 MNOK | I24: <15 MNOK | J24: 25 MNOK | K24: 25 MNOK
A25: 2 | B25: Eksponering | C25: Maks eksponering ting-/kaskoskade per forsikringssted | D25: N/A | E25: < 20 MNOK | F25: < 20 MNOK | G25: < 20 MNOK | H25: < 30 MNOK | I25: < 30 MNOK | J25: < 50 MNOK | K25: < 100 MNOK | L25: Martin sjekker med reassuranse
A26: 2 | B26: Eksponering | C26: Maks forsikrings godsansvar | D26: Standard | E26: Standard | F26: Standard | G26: Standard | H26: Standard | I26: Standard | J26: Standard | K26: Standard
A27: 2 | B27: Eksponering | C27: Særskilt:
A28: 2 | B28: Eksponering | C28: Utvidet forsikringssum ansvar for tingskade utover BAL | D28: N/A | E28: Nei | F28: Nei | G28: Nei | H28: Nei | I28: Nei | J28: Nei | K28: Nei
A29: 2 | B29: Eksponering | C29: Utvidet forsikringssum ansvar for tingskade annet ansvarsgrunnlag enn BAL | D29: N/A | E29: Nei | F29: Nei | G29: Nei | H29: Nei | I29: Nei | J29: Ja | K29: Ja
A30: 2 | B30: Eksponering | C30: Buss - Ervervsmessig persontransport | D30: N/A | E30: Nei | F30: Nei | G30: Nei | H30: Nei | I30: Nei | J30: Nei | K30: Ja
A31: 2 | B31: Eksponering | C31: Taxi - Ervervsmessig persontransport | D31: N/A | E31: Nei | F31: Nei | G31: Nei | H31: Nei | I31: Nei | J31: Nei | K31: Ja
A32: 2 | B32: Eksponering | C32: Foretak som driver med leasing/utleie | D32: N/A | E32: Nei | F32: Nei | G32: Nei | H32: Nei | I32: Nei | J32: Ja | K32: Ja
A33: 2 | B33: Eksponering | C33: Foretak som driver med bilutleie inntil 20 enheter | D33: N/A | E33: Nei | F33: Nei | G33: Nei | H33: Nei | I33: Nei | J33: Ja | K33: Ja
A34: 2 | B34: Eksponering | C34: Foretak som driver med bilutleie, herunder CDW | D34: N/A | E34: Nei | F34: Nei | G34: Nei | H34: Nei | I34: Nei | J34: Ja | K34: Ja
A35: 3 | B35: Premie | C35: Maks premie per kunde for Motor | D35: N/A | E35: 2 000 000 NOK | F35: 2 000 000 NOK | G35: 3 000 000 NOK | H35: 10 000 000 NOK | I35: 10 000 000 NOK | J35: 20 000 000 NOK | K35: Ubegrenset
A36: 3 | B36: Premie | C36: Adgang til premiefastsettelse uten tariff (MC har ikke tariff) | D36: Nei | E36: Nei | F36: Nei | G36: Ja | H36: Ja | I36: Ja | J36: Ja | K36: Ja
A37: 3 | B37: Premie | C37: Krav til antall år med skadehistorikk basert på årspremie | D37: N/A | E37: >3 år | F37: >3 år | G37: 0 år med begrunnelse | H37: 0 år med begrunnelse | I37: 0 år med begrunnelse | J37: 0 år med begrunnelse | K37: 0 år med begrunnelse
A38: 3 | B38: Premie | C38: Adgang til å avvike tariffer i system | D38: N/A | E38: Nei | F38: Nei | G38: Nei | H38: Nei | I38: Nei | J38: Ja | K38: Ja
A39: 3 | B39: Premie | C39: Markedsrabatt firmabil, ny tariff 01.03.2025 | D39: N/A | E39: 10% | F39: 20% | G39: 20% | H39: 40% | I39: 30% | J39: N/A | K39: N/A
... A64: 9 | B64: Spesielle dekninger/risiki | C64: Ex gratia | D64: Nei | E64: Nei | F64: Nei | G64: Nei | H64: Nei | I64: Nei | J64: Nei | K64: Ja

Sheet Ansvar
A1: LY FORSIKRING – FULLMAKTSMATRISE: ANSVAR
A2: # | B2: Kategori | C2: Fullmaktstype | D2: Backoffice | E2: Porteføljeforvalter | F2: KAM/Megler | G2: Regionsdirektør/Ass. Regionsdirektør/Porteføljedirektør | H2: Direktør Meglet | I2: Direktør Direkte/Ass. Dir. Direkte | J2: UW-gruppe | K2: Adm. dir.
A3: 2 | B3: Tegningsfullmakter | C3: Tegne prioriterte risker | D3: N/A | E3: Ja | F3: Ja | G3: Ja | H3: Ja | I3: Ja | J3: Ja | K3: Ja
A4: 2 | B4: Tegningsfullmakter | C4: Tegne uprioriterte risker iht. tegningsinstruks | D4: N/A | E4: Nei | F4: Nei | G4: Nei | H4: Nei | I4: Nei | J4: Ja | K4: Ja
A5: 2 | B5: Tegningsfullmakter | C5: Tegne ved tegningsforbud iht. tegningsintruks | D5: N/A | E5: Nei | F5: Nei | G5: Nei | H5: Nei | I5: Nei | J5: Nei | K5: Ja
A6: 2 | B6: Tegningsfullmakter | C6: Tegne utenfor selskapets risikoappetitt | D6: N/A | E6: Nei | F6: Nei | G6: Nei | H6: Nei | I6: Nei | J6: Nei | K6: Nei
A7: 3 | B7: Eksponering | C7: Eksponering per produkt:
A8: 3 | B8: Eksponering | C8: Bedriftsansvar - per skade | D8: N/A | E8: 150 G | F8: 150 G | G8: 25 MNOK | H8: 30 MNOK | I8: 30 MNOK | J8: 50 MNOK | K8: 50 MNOK
A9: 3 | B9: Eksponering | C9: Produktansvar - per skade og totalt | D9: N/A | E9: 150 G | F9: 150 G | G9: 25 MNOK | H9: 30 MNOK | I9: 30 MNOK | J9: 50 MNOK | K9: 50 MNOK
A10: 3 | B10: Eksponering | C10: Byggherreansvar | D10: N/A | E10: 1 MNOK | F10: 1 MNOK | G10: 1 MNOK | H10: 1 MNOK | I10: 1 MNOK | J10: 50 MNOK | K10: 50 MNOK
A11: 3 | B11: Eksponering | C11: Recall | D11: N/A | E11: 3 MNOK | F11: 3 MNOK | G11: 3 MNOK | H11: 5 MNOK | I11: 5 MNOK | J11: 20 MNOK | K11: 20 MNOK
A12: 3 | B12: Eksponering | C12: Omsetning:
A13: 3 | B13: Eksponering | C13: Maksimal omsetning per kunde/konsern | D13: N/A | E13: 500 MNOK | F13: 500 MNOK | G13: 1000 MNOK | H13: 1500 MNOK | I13: 1500 MNOK | J13: 2000 MNOK | K13: Ubegrenset
A14: 3 | B14: Eksponering | C14: Særskilt:
A15: 3 | B15: Eksponering | C15: Ansvar for virksomhet utenfor Norden | D15: Nei | E15: Nei | F15: Nei | G15: Nei | H15: Nei | I15: Nei | J15: Ja | K15: Ja
A16: 3 | B16: Eksponering | C16: Eksport USA/Canada | D16: Nei | E16: Nei | F16: Nei | G16: Nei | H16: Nei | I16: Nei | J16: Ja | K16: Ja
A17: 3 | B17: Eksponering | C17: Forsikredes datterselskap eller filialkontor i Nordamerika eller annen virksomhet som bedrives i Nordamerika | D17: Nei | E17: Nei | F17: Nei | G17: Nei | H17: Nei | I17: Nei | J17: Ja | K17: Ja
A18: 3 | B18: Eksponering | C18: Brudd på patent- eller andre imaterielle rettigheter | D18: Nei | E18: Nei | F18: Nei | G18: Nei | H18: Nei | I18: Nei | J18: Nei | K18: Nei
A19: 3 | B19: Eksponering | C19: Terrorisme under egne standard vilkår | D19: Nei | E19: Nei | F19: Nei | G19: Nei | H19: Nei | I19: Nei | J19: Nei | K19: Nei
A20: 3 | B20: Eksponering | C20: Akseptere forsikring for selskap som ikke er registrerte i Norge | D20: Nei | E20: Nei | F20: Nei | G20: Nei | H20: Nei | I20: Nei | J20: Nei | K20: Nei
A21: 4 | B21: Premie | C21: Maks premie per kunde for Ansvar | D21: N/A | E21: 0,5 MNOK | F21: 0,5 MNOK | G21: 1 MNOK | H21: 2 MNOK | I21: 2 MNOK | J21: 3 MNOK | K21: 10 MNOK
A22: 4 | B22: Premie | C22: Adgang til premiefastsettelse uten tariff | D22: Nei | E22: Nei | F22: Nei | G22: Nei | H22: Nei | I22: Nei | J22: Ja | K22: Ja
A23: 4 | B23: Premie | C23: Krav til antall år med skadehistorikk | D23: N/A | E23: >3 år | F23: >3 år | G23: 0 år med begrunnelse | H23: 0 år med begrunnelse | I23: 0 år med begrunnelse | J23: 0 år med begrunnelse | K23: 0 år med begrunnelse
A24: 4 | B24: Premie | C24: Adgang til fravike tariffer | D24: N/A | E24: Nei | F24: Nei | G24: Nei | H24: Nei | I24: Nei | J24: Ja | K24: Ja
A25: 4 | B25: Premie | C25: Markedsrabatt | D25: N/A | E25: 10% | F25: 20% | G25: 30% | H25: 50% | I25: 40% | J25: N/A | K25: N/A
A26: 4 | B26: Premie | C26: Ahlsell Partner Avtalen (15% lavere pris enn dagens avtale) | D26: N/A | E26: Nei | F26: Nei | G26: Ja, delegert fullmakt | H26: Ja | I26: Ja | J26: N/A | K26: N/A
... A48: 10 | B48: Spesielle dekninger/risiki | C48: Ex gratia | D48: Nei | E48: Nei | F48: Nei | G48: Nei | H48: Nei | I48: Nei | J48: Nei | K48: Ja

Sheet Formueskade
A1: LY FORSIKRING – FULLMAKTSMATRISE: FORMUESKADE
A2: # | B2: Kategori | C2: Fullmaktstype | D2: Backoffice | E2: Porteføljeforvalter | F2: KAM/Megler | G2: Regionsdirektør/Ass. Regionsdirektør/Porteføljedirektør | H2: Direktør Meglet | I2: Direktør Direkte/Ass. Dir. Direkte | J2: UW-gruppe | K2: Adm. dir.
A3: 2 | B3: Tegningsfullmakter | C3: Tegne prioriterte risker | D3: Nei | E3: Ja | F3: Ja | G3: Ja | H3: Ja | I3: Ja | J3: Ja | K3: Ja
A4: 2 | B4: Tegningsfullmakter | C4: Tegne uprioriterte risker iht. tegningsinstruks | D4: Nei | E4: Nei | F4: Nei | G4: Nei | H4: Nei | I4: Nei | J4: Ja | K4: Ja
A5: 2 | B5: Tegningsfullmakter | C5: Tegne ved tegningsforbud iht. tegningsintruks | D5: Nei | E5: Nei | F5: Nei | G5: Nei | H5: Nei | I5: Nei | J5: Nei | K5: Ja
A6: 2 | B6: Tegningsfullmakter | C6: Tegne utenfor selskapets risikoapetitt | D6: Nei | E6: Nei | F6: Nei | G6: Nei | H6: Nei | I6: Nei | J6: Nei | K6: Nei
A7: 3 | B7: Eksponering | C7: Eksponering per produkt:
A8: 3 | B8: Eksponering | C8: Formuesskade innenfor Norden. | D8: N/A | E8: 3 MNOK | F8: 3 MNOK | G8: 3 MNOK | H8: 7 MNOK | I8: 7 MNOK | J8: 20 MNOK | K8: 20 MNOK
A9: 3 | B9: Eksponering | C9: Styreansvar i Norge, nye forsikringer skal til UW/MW | D9: N/A | E9: 5 MNOK | F9: 5 MNOK | G9: 10 MNOK | H9: 15 MNOK | I9: 15 MNOK | J9: 20 MNOK | K9: 20 MNOK
A10: 3 | B10: Eksponering | C10: Omsetning:
A11: 3 | B11: Eksponering | C11: Maksimal omsetning per kunde Formuesskade | D11: N/A | E11: 50 MNOK | F11: 50 MNOK | G11: 100 MNOK | H11: 200 MNOK | I11: 200 MNOK | J11: 500 MNOK | K11: 1 000 MNOK
A12: 3 | B12: Eksponering | C12: Maksimal omsetning per kunde Styreansvar | D12: N/A | E12: 100 MNOK | F12: 100 MNOK | G12: 200 MNOK | H12: 500 MNOK | I12: 500 MNOK | J12: 1 000 MNOK | K12: 2 000 MNOK
A13: 3 | B13: Eksponering | C13: Særskilt:
A14: 3 | B14: Eksponering | C14: Eksport USA/Canada | D14: Nei | E14: Nei | F14: Nei | G14: Nei | H14: Nei | I14: Nei | J14: Nei | K14: Nei
A15: 3 | B15: Eksponering | C15: Styreansvar utenfor Norge | D15: Nei | E15: Nei | F15: Nei | G15: Nei | H15: Nei | I15: Nei | J15: Ja | K15: Ja
A16: 3 | B16: Eksponering | C16: Formuesskade utenfor Norden | D16: Nei | E16: Nei | F16: Nei | G16: Nei | H16: Nei | I16: Nei | J16: Ja | K16: Ja
A17: 4 | B17: Premie | C17: Maks premie per kunde/konsern for Formueskade | D17: N/A | E17: 0,5 MNOK | F17: 0,5 MNOK | G17: 1 MNOK | H17: 2 MNOK | I17: 2 MNOK | J17: 3 MNOK | K17: 10 MNOK
A18: 4 | B18: Premie | C18: Maks premie per kunde/konsern for Styreansvar | D18: N/A | E18: 0,5 MNOK | F18: 0,5 MNOK | G18: 1 MNOK | H18: 2 MNOK | I18: 2 MNOK | J18: 3 MNOK | K18: 10 MNOK
A19: 4 | B19: Premie | C19: Adgang til premiefastsettelse uten tariff | D19: Nei | E19: Nei | F19: Nei | G19: Nei | H19: Nei | I19: Nei | J19: Ja | K19: Ja
A20: 4 | B20: Premie | C20: Krav til antall år med skadehistorikk | D20: N/A | E20: >3 år | F20: >3 år | G20: 0 år med begrunnelse | H20: 0 år med begrunnelse | I20: 0 år med begrunnelse | J20: 0 år med begrunnelse | K20: 0 år med begrunnelse
A21: 4 | B21: Premie | C21: Adgang til å fravike tariffer | D21: N/A | E21: Nei | F21: Nei | G21: Nei | H21: Nei | I21: Nei | J21: Ja | K21: Ja
A22: 4 | B22: Premie | C22: Markedsrabatt | D22: N/A | E22: 10% | F22: 20% | G22: 30% | H22: 50% | I22: 40% | J22: N/A | K22: N/A
A23: 4 | B23: Premie | C23: Ahlsell Partner Avtalen (15% lavere pris enn dagens avtale) | D23: N/A | E23: Nei | F23: N/A | G23: Ja, delegert fullmakt | H23: Ja | I23: Ja | J23: N/A | K23: N/A
A24: 4 | B24: Premie | C24: Rabattfullmakt ved dokumentert redningstiltak | D24: N/A | E24: N/A | F24: N/A | G24: N/A | H24: 20% | I24: 20% | J24: N/A | K24: N/A
A25: 4 | B25: Premie | C25: Premiejustering UW-felt | D25: N/A | E25: Nei (ubegrenset på økning) | F25: Nei (ubegrenset på økning) | G25: Nei (ubegrenset på økning) | H25: Nei (ubegrenset på økning) | I25: Nei (ubegrenset på økning) | J25: Ja, inntil 70% (ubegrenset på økning) | K25: Ja, 90% (ubegrenset på økning)
... A42: 10 | B42: Spesielle dekninger/risiki | C42: Ex gratia | D42: Nei | E42: Nei | F42: Nei | G42: Nei | H42: Nei | I42: Nei | J42: Nei | K42: Ja

Sheet Person
A1: LY FORSIKRING – FULLMAKTSMATRISE: PERSON
A2: # | B2: Kategori | C2: Fullmaktstype | D2: Backoffice | E2: Porteføljeforvalter | F2: KAM/Megler | G2: Regionsdirektør/Ass. Regionsdirektør/Porteføljedirektør | H2: Direktør Meglet | I2: Direktør Direkte/Ass. Dir. Direkte | J2: UW-gruppe | K2: Adm. dir.
A3: 2 | B3: Tegningsfullmakter | C3: Tegne prioriterte risker | D3: Ja | E3: Ja | F3: Ja | G3: Ja | H3: Ja | I3: Ja | J3: Ja | K3: Ja
A4: 2 | B4: Tegningsfullmakter | C4: Tegne uprioriterte risker iht. tegningsinstruks | D4: Nei | E4: Nei | F4: Nei | G4: Nei | H4: Nei | I4: Nei | J4: Ja | K4: Ja
A5: 2 | B5: Tegningsfullmakter | C5: Tegne ved tegningsforbud iht. tegningsinstruks | D5: Nei | E5: Nei | F5: Nei | G5: Nei | H5: Nei | I5: Nei | J5: Nei | K5: Ja
A6: 2 | B6: Tegningsfullmakter | C6: Tegne utenfor selskapets risikoappetitt | D6: Nei | E6: Nei | F6: Nei | G6: Nei | H6: Nei | I6: Nei | J6: Nei | K6: Nei
A7: 3 | B7: Eksponering | C7: Eksponering:
A8: 3 | B8: Eksponering | C8: Annen sykdom TFE (tap i framtidig erverv) | D8: N/A | E8: 22 - 30G | F8: 22 - 30G | G8: 22 - 30G | H8: 22 - 30G | I8: 22 - 30G | J8: 22 - 30G | K8: 22 - 30G
A9: 3 | B9: Eksponering | C9: Annen sykdom MEN (menerstatning) | D9: N/A | E9: 10 G | F9: 10 G | G9: 15 G | H9: 30 G | I9: 30 G | J9: 40 G | K9: 40 G
A10: 3 | B10: Eksponering | C10: Annen ulykke TFE (tap i framtidig erverv) | D10: N/A | E10: 22 - 30G | F10: 22 - 30G | G10: 22 - 30G | H10: 22 - 30G | I10: 22 - 30G | J10: 22 - 30G | K10: 22 - 30G
A11: 3 | B11: Eksponering | C11: Annen ulykke MEN (mererstatning) | D11: N/A | E11: 10 G | F11: 10 G | G11: 15 G | H11: 30 G | I11: 30 G | J11: 40 G | K11: 40 G
A12: 3 | B12: Eksponering | C12: Gruppeliv | D12: N/A | E12: 20 G | F12: 20 G | G12: 30 G | H12: 40 G | I12: 40 G | J12: 50 G | K12: 50 G
A13: 3 | B13: Eksponering | C13: Reise | D13: N/A | E13: Standard | F13: Standard | G13: Standard | H13: Standard | I13: Standard | J13: Standard | K13: Standard
A14: 3 | B14: Eksponering | C14: Sykelønn (basert på årslønn inntil inkludert 6 G) | D14: N/A | E14: Lønn inntil 1,2 MNOK + 6 G | F14: Lønn inntil 1,2 MNOK + 6 G | G14: Lønn inntil 1,2 MNOK + 6 G | H14: Lønn inntil 1,5 MNOK + 6 G | I14: Lønn inntil 1,5 MNOK + 6 G | J14: N/A | K14: Lønn inntil 2 MNOK + 6 G
A15: 3 | B15: Eksponering | C15: Uførekapital | D15: N/A | E15: Standard | F15: Standard | G15: Standard | H15: 30 G | I15: 30 G | J15: 30 G | K15: 40 G
A16: 3 | B16: Eksponering | C16: Kollektiv ulykke (død og invaliditet samlet) | D16: N/A | E16: 5 000 000 NOK | F16: 5 000 000 NOK | G16: 5 000 000 NOK | H16: 5 000 000 NOK | I16: 5 000 000 NOK | J16: 5 000 000 NOK | K16: 5 000 000 NOK
A17: 3 | B17: Eksponering | C17: Yrkesskade | D17: N/A | E17: Lovpålagte dekninger + Men 10 G | F17: Lovpålagte dekninger + Men 10 G | G17: Lovpålagte dekninger + Men 15 G | H17: Lovpålagte dekninger + Men 30 G | I17: Lovpålagte dekninger + Men 30 G | J17: Lovpålagte dekninger + Men 40 G | K17: Lovpålagte dekninger + Men 40 G
A18: 4 | B18: Premie | C18: Maks premie per kunde for Person | D18: N/A | E18: 1 MNOK | F18: 1 MNOK | G18: 2 MNOK | H18: 4 MNOK | I18: 4 MNOK | J18: 6 MNOK | K18: 10 MNOK
A19: 4 | B19: Premie | C19: Adgang til premiefastsettelse uten tariff | D19: N/A | E19: Nei | F19: Nei | G19: Nei | H19: Nei | I19: Nei | J19: Ja | K19: Ja
... A44: 10 | B44: Spesielle dekninger/risiki | C44: Ex gratia | D44: Nei | E44: Nei | F44: Nei | G44: Nei | H44: Nei | I44: Nei | J44: Nei | K44: Ja
A45: 11. | B45: Helsevurdering | C45: Vurdere erklæringer om helsetilstand | D45: Nei | E45: Nei | F45: Nei | G45: Nei | H45: Nei | I45: Nei | J45: Nei | K45: Nei

Sheet Data (rådata)
A1: Produktlinje | B1: # | C1: Kategori | D1: Fullmaktstype | E1: Backoffice | F1: Porteføljeforvalter | G1: KAM/Megler | H1: Regionsdirektør/Ass. Regionsdirektør/Porteføljedirektør | I1: Direktør Meglet | J1: Direktør Direkte/Ass. Dir. Direkte | K1: UW-gruppe | L1: Adm. dir. | N1: Rolleliste (kilde for nedtrekksmeny)
A2: Eiendom | B2: 1 | C2: Tegningsfullmakter | D2: Tegne prioriterte risker | E2: Ja | F2: Ja | G2: Ja | H2: Ja | I2: Ja | J2: Ja | K2: Ja | L2: Ja | N2: Backoffice
A3: Eiendom | B3: 1 | C3: Tegningsfullmakter | D3: Tegne uprioriterte risker iht. tegningsinstruks | E3: Nei | F3: Nei | G3: Nei | H3: Nei | I3: Nei | J3: Nei | K3: Ja | L3: Ja | N3: Porteføljeforvalter
A4: Eiendom | B4: 1 | C4: Tegningsfullmakter | D4: Tegne ved tegningsforbud iht. tegningsintruks | E4: Nei | F4: Nei | G4: Nei | H4: Nei | I4: Nei | J4: Nei | K4: Nei | L4: Ja | N4: KAM/Megler
A5: Eiendom | B5: 1 | C5: Tegningsfullmakter | D5: Tegne utenfor selskapets risikoappetitt/reassuransekontrakt | E5: Nei | F5: Nei | G5: Nei | H5: Nei | I5: Nei | J5: Nei | K5: Nei | L5: Nei | N5: Regionsdirektør/Ass. Regionsdirektør/Porteføljedirektør
A6: Eiendom | B6: 2 | C6: Eksponering | D6: Total forsikringssum per forsikringssted på bygning, maskin/løsøre, varer og driftstap | E6: N/A | F6: 85 MNOK | G6: 85 MNOK | H6: 100 MNOK | I6: 210 MNOK | J6: 210 MNOK | K6: 410 MNOK | L6: 410 MNOK | N6: Direktør Meglet
A7: Eiendom | B7: 2 | C7: Eksponering | D7: Fastsette EML 50 - 100% | E7: N/A | F7: NEI | G7: NEI | H7: NEI | I7: <85 MNOK | J7: <85 MNOK | K7: <210 MNOK | L7: N/A | N7: Direktør Direkte/Ass. Dir. Direkte
A8: Eiendom | B8: 2 | C8: Eksponering | D8: Adgang til å beregne EML under 50% | E8: Nei | F8: Nei | G8: Nei | H8: Nei | I8: Nei | J8: Nei | K8: Ja | L8: Ja | N8: UW-gruppe
A9: Eiendom | B9: 2 | C9: Eksponering | D9: Særskilt forsikringssum største enkeltprosjekt for entreprenør årsforsikring | E9: N/A | F9: 50 MNOK | G9: 50 MNOK | H9: 75 MNOK | I9: 85 MNOK | J9: 85 MNOK | K9: 210 MNOK | L9: 210 MNOK | N9: Adm. dir.
A10: Eiendom | B10: 2 | C10: Eksponering | D10: Særskilt forsikringssum for entreprenør enkeltprosjekt | E10: N/A | F10: 50 MNOK | G10: 50 MNOK | H10: 75 MNOK | I10: 85 MNOK | J10: 85 MNOK | K10: 210 MNOK | L10: 210 MNOK
A11: Eiendom | B11: 2 | C11: Eksponering | D11: Avbrudd, maksimum beregnet forsikringinteresse > 25 MNOK | E11: N/A | F11: Nei | G11: Nei | H11: Nei | I11: Nei | J11: Nei | K11: Ja | L11: Ja
A12: Eiendom | B12: 3 | C12: Premie | D12: Maks premie per kunde for Eiendom | E12: N/A | F12: 1 MNOK | G12: 1 MNOK | H12: 1.5 MNOK | I12: 5 MNOK | J12: 5 MNOK | K12: 10 MNOK | L12: 20 MNOK
A13: Eiendom | B13: 3 | C13: Premie | D13: Adgang til premiefastsettelse uten tariff | E13: Nei | F13: Nei | G13: Nei | H13: Nei | I13: Nei | J13: Nei | K13: Ja | L13: Ja
A14: Eiendom | B14: 3 | C14: Premie | D14: Krav til antall år med skadehistorikk | E14: N/A | F14: >3 år | G14: >3 år | H14: 0 år med begrunnelse | I14: 0 år med begrunnelse | J14: 0 år med begrunnelse | K14: 0 år med begrunnelse | L14: 0 år med begrunnelse
A15: Eiendom | B15: 3 | C15: Premie | D15: Adgang til å fravike kundekategori ved fornyelse | E15: Nei | F15: Nei | G15: Nei | H15: Nei | I15: Ja, inntil E | J15: Ja, inntil E | K15: Ja | L15: Ja
A16: Eiendom | B16: 3 | C16: Premie | D16: Markedsrabatt inntil nye tariffer er vedtatt | E16: N/A | F16: 20% | G16: 30% | H16: 40% | I16: 60% | J16: 50% | K16: N/A | L16: N/A
A17: Eiendom | B17: 3 | C17: Premie | D17: Særskilt markedsrabatt inntil nye tariffer er vedtatt for produktene næringsbygg og næring | E17: N/A | F17: 30% | G17: 40% | H17: 50% | I17: 90% | J17: 80% | K17: N/A | L17: N/A
A18: Eiendom | B18: 3 | C18: Premie | D18: Ahlsell Partner Avtalen (15% lavere pris enn dagens avtale) | E18: N/A | F18: Nei | G18: N/A | H18: Ja, delegert fullmakt | I18: Ja | J18: Ja | K18: N/A | L18: N/A
A19: Eiendom | B19: 3 | C19: Premie | D19: Rabattfullmakt ved dokumentert redningstiltak | E19: N/A | F19: N/A | G19: N/A | H19: N/A | I19: 20% | J19: 20% | K19: N/A | L19: N/A
A20: Eiendom | B20: 3 | C20: Premie | D20: Premiejustering UW-felt | E20: Nei | F20: Nei | G20: Nei | H20: Nei | I20: Nei | J20: Nei | K20: Ja | L20: Ja
A21: Eiendom | B21: 4 | C21: Egenandel | D21: Minimum egenandel per skade | E21: Standard EA | F21: Standard EA | G21: Standard EA | H21: Standard EA | I21: Standard EA | J21: Standard EA | K21: Standard EA | L21: Standard EA
... A223: Person | B223: 10 | C223: Spesielle dekninger/risiki | D223: Ex gratia | E223: Nei | F223: Nei | G223: Nei | H223: Nei | I223: Nei | J223: Nei | K223: Nei | L223: Ja
A224: Person | B224: 11. | C224: Helsevurdering | D224: Vurdere erklæringer om helsetilstand | E224: Nei | F224: Nei | G224: Nei | H224: Nei | I224: Nei | J224: Nei | K224: Nei | L224: Nei
